time,magnitude
0,10.6504
0.02,10.958
0.04,14.5269
0.06,15.9325
0.08,14.9034
0.1,14.877
0.12,13.0889
0.14,12.3421
0.16,10.3716
0.18,10.1412
0.2,8.0377
0.22,6.6215
0.24,5.9381
0.26,6.1273
0.28,2.6509
0.3,4.6961
0.32,5.5322
0.34,8.2728
0.36,10.89
0.38,11.2076
0.4,14.9919
0.42,15.3343
0.44,16.448
0.46,13.5056
0.48,13.4461
0.5,10.9602
0.52,9.6063
0.54,9.1439
0.56,6.074
0.58,5.896
0.6,6.1404
0.62,4.0338
0.64,1.9476
0.66,4.4854
0.68,5.304
0.7,8.5294
0.72,11.6803
0.74,13.5615
0.76,16.5735
0.78,17.0274
0.8,14.9515
0.82,13.3864
0.84,12.0996
0.86,10.8533
0.88,9.9667
0.9,7.3475
0.92,8.4153
0.94,7.5666
0.96,3.833
0.98,2.7033
1,3.9836
1.02,4.8375
1.04,7.305
1.06,11.2393
1.08,13.9671
1.1,16.8538
1.12,15.7857
1.14,15.3935
1.16,15.1755
1.18,14.5897
1.2,11.452
1.22,10.9591
1.24,9.3098
1.26,7.4077
1.28,6.9105
1.3,4.5752
1.32,5.6275
1.34,3.3807
1.36,3.1632
1.38,5.0837
1.4,9.4067
1.42,11.0469
1.44,12.408
1.46,14.7166
1.48,16.1591
1.5,15.1054
1.52,14.2153
1.54,11.4633
1.56,10.837
1.58,10.9491
1.6,7.3467
1.62,8.9026
1.64,6.5368
1.66,3.4289
1.68,4.3506
1.7,2.287
1.72,3.925
1.74,5.4929
1.76,9.5443
1.78,13.5455
1.8,13.5041
1.82,15.99
1.84,16.7029
1.86,14.2955
1.88,14.4647
1.9,12.7759
1.92,11.6134
1.94,10.5708
1.96,9.0239
1.98,7.9077
2,6.1765
2.02,5.0725
2.04,2.5003
2.06,3.3906
2.08,5.6759
2.1,7.0561
2.12,9.4198
2.14,13.7244
2.16,15.4901
2.18,17.1607
2.2,14.8614
2.22,13.1902
2.24,13.9254
2.26,11.8275
2.28,11.3226
2.3,10.6636
2.32,8.4297
2.34,6.7246
2.36,5.2994
2.38,4.4378
2.4,4.9788
2.42,4.9195
2.44,5.5922
2.46,7.3926
2.48,11.5558
2.5,13.7026
2.52,15.3225
2.54,16.3343
2.56,15.0908
2.58,14.6683
2.6,12.9036
2.62,10.5824
2.64,9.312
2.66,9.6505
2.68,8.1787
2.7,7.5585
2.72,5.1618
2.74,4.0197
2.76,2.7599
2.78,4.5477
2.8,7.1347
2.82,8.5057
2.84,14.1028
2.86,14.2897
2.88,16.4971
2.9,15.8912
2.92,15.4667
2.94,14.622
2.96,11.6737
2.98,9.5941
3,9.8449
3.02,10.5399
3.04,6.7306
3.06,5.4902
3.08,5.9656
3.1,3.3464
3.12,4.9377
3.14,4.3042
3.16,7.0112
3.18,10.0866
3.2,13.1293
3.22,16.7332
3.24,16.7271
3.26,15.8623
3.28,15.6471
3.3,14.4303
3.32,12.218
3.34,12.541
3.36,9.2687
3.38,9.6459
3.4,5.8275
3.42,5.5727
3.44,4.574
3.46,3.6417
3.48,3.0546
3.5,6.7448
3.52,8.4786
3.54,11.2724
3.56,13.9538
3.58,16.8553
3.6,15.759
3.62,15.9105
3.64,13.968
3.66,12.5211
3.68,11.9623
3.7,10.1141
3.72,8.5979
3.74,8.1221
3.76,6.3833
3.78,4.3886
3.8,4.1599
3.82,2.6875
3.84,4.3167
3.86,7.2548
3.88,8.3573
3.9,10.6619
3.92,15.2012
3.94,15.7058
3.96,16.0307
3.98,14.0577
4,12.2885
4.02,13.1371
4.04,11.1968
4.06,9.0543
4.08,9.3212
4.1,6.4357
4.12,5.5725
4.14,4.193
4.16,3.8877
4.18,2.3809
4.2,4.9996
4.22,7.4991
4.24,10.1674
4.26,13.0932
4.28,15.2228
4.3,16.5551
4.32,15.2359
4.34,14.5793
4.36,15.0672
4.38,11.964
4.4,10.5269
4.42,8.8078
4.44,6.8051
4.46,7.4795
4.48,4.564
4.5,3.5802
4.52,3.123
4.54,4.3336
4.56,4.4226
4.58,9.9746
4.6,13.7395
4.62,14.7862
4.64,16.467
4.66,17.5128
4.68,17.5348
4.7,14.2343
4.72,12.0568
4.74,11.1597
4.76,10.6989
4.78,7.9062
4.8,8.9126
4.82,6.8912
4.84,5.0291
4.86,3.7846
4.88,3.9607
4.9,5.0871
4.92,7.7105
4.94,9.7064
4.96,12.4813
4.98,14.0127
5,14.5598
5.02,15.2638
5.04,15.5115
5.06,13.5704
5.08,11.9026
5.1,10.4894
5.12,8.8797
5.14,8.1193
5.16,7.1824
5.18,6.5497
5.2,5.127
5.22,2.9628
5.24,3.0762
5.26,6.3748
5.28,7.2524
5.3,12.3301
5.32,13.5034
5.34,16.3614
5.36,15.7987
5.38,16.1243
5.4,13.411
5.42,12.5366
5.44,11.6185
5.46,9.5829
5.48,10.5754
5.5,9.1404
5.52,6.8137
5.54,5.4426
5.56,3.5543
5.58,3.1847
5.6,4.3317
5.62,5.8832
5.64,9.3221
5.66,11.7182
5.68,14.1432
5.7,15.8312
5.72,16.5395
5.74,16.9015
5.76,13.9888
5.78,12.8668
5.8,10.9266
5.82,9.9515
5.84,8.0399
5.86,7.4569
5.88,5.2647
5.9,5.9015
5.92,2.5645
5.94,2.7415
5.96,4.4858
5.98,7.3575
6,10.3845
6.02,13.2359
6.04,16.0513
6.06,15.8328
6.08,16.1039
6.1,16.6585
6.12,13.2293
6.14,12.8136
6.16,9.6463
6.18,9.8892
6.2,9.0823
6.22,6.7376
6.24,5.9155
6.26,4.5029
6.28,3.8063
6.3,3.0723
6.32,5.9929
6.34,8.3548
6.36,11.2742
6.38,13.9448
6.4,15.5405
6.42,16.8627
6.44,14.7819
6.46,14.7013
6.48,12.0161
6.5,11.0082
6.52,11.4372
6.54,9.3242
6.56,8.2812
6.58,7.5719
6.6,4.4239
6.62,3.8623
6.64,2.8597
6.66,3.4212
6.68,4.9739
6.7,8.2459
6.72,11.1995
6.74,15.9609
6.76,15.1066
6.78,16.2536
6.8,15.5658
6.82,14.2205
6.84,11.6452
6.86,11.4518
6.88,10.4022
6.9,7.7415
6.92,7.3499
6.94,5.2567
6.96,4.3297
6.98,2.9489
7,3.2672
7.02,4.5782
7.04,7.2531
7.06,10.3613
7.08,12.1656
7.1,14.3035
7.12,15.34
7.14,16.1409
7.16,14.6689
7.18,12.7049
7.2,10.6737
7.22,10.529
7.24,9.1045
7.26,7.1029
7.28,6.4158
7.3,4.8166
7.32,4.1548
7.34,4.0132
7.36,4.1888
7.38,6.1158
7.4,7.9172
7.42,10.994
7.44,14.8406
7.46,14.7301
7.48,18.1734
7.5,15.5171
7.52,14.71
7.54,13.1899
7.56,12.0328
7.58,10.07
7.6,8.0956
7.62,8.6778
7.64,8.1156
7.66,4.8826
7.68,5.6126
7.7,3.1375
7.72,3.7348
7.74,5.8701
7.76,9.2871
7.78,10.9734
7.8,14.4847
7.82,16.9978
7.84,15.1576
7.86,16.1336
7.88,13.8333
7.9,11.232
7.92,10.7874
7.94,9.7795
7.96,9.3993
7.98,8.1377
8,6.6733
8.02,2.9212
8.04,5.1838
8.06,3.6328
8.08,4.1605
8.1,6.3154
8.12,11.6441
8.14,13.4034
8.16,16.2653
8.18,16.645
8.2,15.675
8.22,15.358
8.24,15.1221
8.26,12.131
8.28,10.2866
8.3,9.6538
8.32,9.1495
8.34,7.2735
8.36,4.6605
8.38,4.6487
8.4,1.9436
8.42,2.691
8.44,5.2183
8.46,8.8221
8.48,10.3769
8.5,14.1939
8.52,14.779
8.54,17.0916
8.56,15.2095
8.58,13.5777
8.6,11.6945
8.62,11.7913
8.64,11.0359
8.66,9.0282
8.68,8.8937
8.7,5.4904
8.72,4.4241
8.74,3.3511
8.76,2.4266
8.78,4.8397
8.8,6.38
8.82,10.2945
8.84,12.861
8.86,15.8477
8.88,15.9983
8.9,15.4809
8.92,15.1659
8.94,12.5363
8.96,11.4405
8.98,11.6208
9,10.4468
9.02,8.5607
9.04,9.1478
9.06,6.3232
9.08,5.4146
9.1,3.1859
9.12,2.1712
9.14,5.5896
9.16,7.1006
9.18,9.7359
9.2,14.3492
9.22,15.7151
9.24,17.5513
9.26,16.5555
9.28,14.8614
9.3,13.3355
9.32,11.0191
9.34,10.3415
9.36,9.2883
9.38,7.0148
9.4,6.9954
9.42,5.274
9.44,4.4786
9.46,4.1845
9.48,4.4797
9.5,5.5172
9.52,7.897
9.54,11.0373
9.56,15.2992
9.58,16.395
9.6,16.6419
9.62,14.9095
9.64,14.2606
9.66,11.6564
9.68,11.9409
9.7,9.1006
9.72,8.2156
9.74,8.6411
9.76,6.6319
9.78,4.063
9.8,4.1805
9.82,3.9957
9.84,4.2203
9.86,6.4913
9.88,10.4198
9.9,12.9355
9.92,15.5807
9.94,16.8114
9.96,17.4897
9.98,16.0867
10,13.7749
10.02,11.2466
10.04,11.8024
10.06,9.3743
10.08,8.4259
10.1,5.854
10.12,6.0396
10.14,4.9976
10.16,2.6577
10.18,2.9478
10.2,4.9083
10.22,6.4779
10.24,11.3614
10.26,13.4082
10.28,16.2291
10.3,16.4176
10.32,14.3929
10.34,15.264
10.36,13.764
10.38,11.4969
10.4,10.9484
10.42,8.7664
10.44,8.6259
10.46,7.782
10.48,6.5149
10.5,3.7401
10.52,3.1101
10.54,3.3954
10.56,6.6576
10.58,9.4869
10.6,11.8176
10.62,14.5364
10.64,15.1936
10.66,16.5624
10.68,16.1236
10.7,15.5421
10.72,12.5435
10.74,11.3694
10.76,10.822
10.78,7.5217
10.8,7.8406
10.82,7.0085
10.84,4.956
10.86,3.6163
10.88,2.5029
10.9,4.201
10.92,5.3812
10.94,9.2725
10.96,11.9557
10.98,14.4951
11,15.0038
11.02,15.9145
11.04,14.8759
11.06,12.5038
11.08,13.0677
11.1,11.2599
11.12,9.0584
11.14,8.8702
11.16,6.6117
11.18,6.3077
11.2,4.7247
11.22,3.5284
11.24,3.1727
11.26,4.9661
11.28,6.6437
11.3,11.5254
11.32,13.9479
11.34,15.0409
11.36,16.7802
11.38,14.5878
11.4,13.9576
11.42,13.8417
11.44,10.8783
11.46,9.1798
11.48,10.3223
11.5,8.9986
11.52,6.6228
11.54,4.5521
11.56,3.0134
11.58,3.502
11.6,3.8617
11.62,5.6421
11.64,7.7159
11.66,12.9963
11.68,13.7988
11.7,15.7189
11.72,16.0928
11.74,15.9705
11.76,12.2648
11.78,13.1441
11.8,11.4706
11.82,8.8184
11.84,9.1329
11.86,7.9482
11.88,5.2863
11.9,4.6829
11.92,4.4893
11.94,2.0569
11.96,3.9201
11.98,7.9448
12,9.5256
12.02,11.8502
12.04,15.3139
12.06,17.5376
12.08,15.9054
12.1,15.0352
12.12,13.8315
12.14,11.6774
12.16,9.3776
12.18,8.8664
12.2,7.5437
12.22,9.2269
12.24,3.8323
12.26,4.3542
12.28,3.8399
12.3,2.67
12.32,5.2318
12.34,7.6762
12.36,9.2753
12.38,14.0944
12.4,14.4242
12.42,15.2414
12.44,16.2527
12.46,14.0237
12.48,12.0149
12.5,11.9004
12.52,10.7986
12.54,10.3722
12.56,6.9229
12.58,6.0164
12.6,6.3663
12.62,3.702
12.64,4.7164
12.66,4.5564
12.68,6.4043
12.7,8.7938
12.72,13.373
12.74,16.3595
12.76,14.6878
12.78,15.644
12.8,15.9931
12.82,14.9347
12.84,12.2762
12.86,10.852
12.88,9.3603
12.9,8.5023
12.92,8.087
12.94,6.0741
12.96,3.8848
12.98,2.9975
13,2.619
13.02,5.2693
13.04,5.7599
13.06,9.4979
13.08,11.8648
13.1,17.3169
13.12,14.9215
13.14,14.6208
13.16,15.21
13.18,12.376
13.2,11.5307
13.22,11.5036
13.24,10.3839
13.26,7.7468
13.28,8.9138
13.3,5.7023
13.32,4.6816
13.34,2.933
13.36,2.5602
13.38,5.962
13.4,7.1412
13.42,10.6538
13.44,15.3324
13.46,15.7729
13.48,16.8218
13.5,14.7481
13.52,14.4403
13.54,12.1675
13.56,10.6629
13.58,9.3888
13.6,10.296
13.62,8.1384
13.64,6.6748
13.66,3.9799
13.68,3.8368
13.7,3.8293
13.72,3.6655
13.74,6.4053
13.76,9.1639
13.78,12.9306
13.8,14.4016
13.82,14.5373
13.84,16.5093
13.86,15.1616
13.88,13.16
13.9,12.6282
13.92,11.3651
13.94,8.9864
13.96,9.6261
13.98,8.3159
14,6.71
14.02,4.5417
14.04,3.5437
14.06,4.0782
14.08,4.0993
14.1,7.396
14.12,9.101
14.14,13.2307
14.16,15.6572
14.18,15.41
14.2,16.4962
14.22,14.9447
14.24,14.6439
14.26,12.7229
14.28,9.9882
14.3,10.2685
14.32,8.6523
14.34,5.9314
14.36,4.7275
14.38,3.6011
14.4,3.6475
14.42,3.388
14.44,5.4287
14.46,9.2979
14.48,11.8658
14.5,14.856
14.52,15.2524
14.54,15.1739
14.56,15.6576
14.58,13.4175
14.6,12.9219
14.62,10.7946
14.64,10.4291
14.66,9.1797
14.68,8.7778
14.7,6.0861
14.72,4.5359
14.74,3.8962
14.76,3.5938
14.78,5.101
14.8,6.7534
14.82,10.1961
14.84,12.3675
14.86,15.2512
14.88,16.4266
14.9,15.6915
14.92,15.8706
14.94,14.0879
14.96,13.1795
14.98,11.7986
15,8.0818
15.02,8.2493
15.04,9.2933
15.06,6.9804
15.08,4.2986
15.1,3.6305
15.12,2.3393
15.14,4.8612
15.16,7.384
15.18,9.6377
15.2,11.8886
15.22,15.271
15.24,16.8505
15.26,14.7642
15.28,15.3267
15.3,13.2978
15.32,12.0079
15.34,10.2119
15.36,10.5594
15.38,8.1507
15.4,6.1072
15.42,5.8713
15.44,4.0217
15.46,3.3959
15.48,3.8153
15.5,6.8885
15.52,9.7907
15.54,11.2849
15.56,13.383
15.58,15.3411
15.6,16.4458
15.62,14.3251
15.64,13.6893
15.66,12.7752
15.68,12.0405
15.7,11.4812
15.72,9.4751
15.74,6.889
15.76,7.5134
15.78,4.3416
15.8,3.0996
15.82,2.0647
15.84,2.6066
15.86,6.5284
15.88,9.3051
15.9,11.5368
15.92,13.9898
15.94,16.064
15.96,17.0069
15.98,14.2497
16,12.9061
16.02,12.7466
16.04,10.9362
16.06,9.9245
16.08,8.7888
16.1,6.3388
16.12,6.4528
16.14,3.7446
16.16,2.7749
16.18,2.6617
16.2,5.4741
16.22,7.5913
16.24,10.5012
16.26,14.3218
16.28,15.121
16.3,17.2392
16.32,15.9163
16.34,15.3159
16.36,13.5649
16.38,12.4956
16.4,10.0868
16.42,8.8987
16.44,8.7456
16.46,6.0867
16.48,4.6684
16.5,3.1246
16.52,3.3201
16.54,3.0278
16.56,5.1432
16.58,9.4749
16.6,11.8177
16.62,13.4415
16.64,15.3879
16.66,16.6211
16.68,16.1648
16.7,14.0896
16.72,11.8846
16.74,11.9128
16.76,9.6042
16.78,8.1965
16.8,8.8985
16.82,4.8951
16.84,5.079
16.86,5.239
16.88,3.7063
16.9,4.0907
16.92,6.0214
16.94,9.4909
16.96,14.0682
16.98,14.9512
17,15.8331
17.02,15.8874
17.04,14.3433
17.06,11.4774
17.08,11.5687
17.1,10.7903
17.12,8.7674
17.14,9.1091
17.16,7.2666
17.18,5.1009
17.2,3.7866
17.22,2.8445
17.24,3.5168
17.26,5.777
17.28,7.7919
17.3,9.7884
17.32,12.4601
17.34,16.1338
17.36,16.5389
17.38,15.3862
17.4,15.3266
17.42,13.7183
17.44,10.9228
17.46,11.3392
17.48,9.2823
17.5,8.017
17.52,6.5056
17.54,5.3262
17.56,4.0629
17.58,4.2064
17.6,4.6089
17.62,6.6236
17.64,8.9759
17.66,13.8431
17.68,14.1019
17.7,16.4121
17.72,16.103
17.74,14.507
17.76,13.4233
17.78,12.4555
17.8,10.6125
17.82,9.9731
17.84,9.5806
17.86,7.0801
17.88,6.1468
17.9,4.3481
17.92,3.9834
17.94,4.4474
17.96,3.592
17.98,6.1328
18,9.5587
18.02,12.7918
18.04,15.1596
18.06,15.7766
18.08,15.4879
18.1,15.2747
18.12,13.0208
18.14,10.907
18.16,12.0405
18.18,10.2127
18.2,7.8984
18.22,6.9954
18.24,5.5791
18.26,3.4599
18.28,3.0559
18.3,3.1119
18.32,4.9017
18.34,7.6411
18.36,9.578
18.38,13.5956
18.4,14.7838
18.42,14.4976
18.44,16.9429
18.46,13.8054
18.48,12.8078
18.5,11.248
18.52,10.2125
18.54,9.7182
18.56,8.1093
18.58,6.2946
18.6,5.6632
18.62,2.811
18.64,5.033
18.66,4.8186
18.68,5.0078
18.7,8.211
18.72,12.3497
18.74,14.3431
18.76,17.3958
18.78,15.7682
18.8,15.4952
18.82,15.1262
18.84,12.9659
18.86,11.5898
18.88,9.8669
18.9,6.8894
18.92,8.3261
18.94,7.157
18.96,3.1635
18.98,4.3892
19,3.1468
19.02,4.3284
19.04,7.8897
19.06,10.3603
19.08,12.6936
19.1,14.6202
19.12,15.2644
19.14,15.2017
19.16,14.0839
19.18,12.9552
19.2,11.5085
19.22,10.4864
19.24,9.2261
19.26,7.23
19.28,7.021
19.3,4.7166
19.32,5.3172
19.34,3.6086
19.36,4.036
19.38,7.1948
19.4,7.8038
19.42,13.2329
19.44,13.0992
19.46,16.0134
19.48,16.4589
19.5,14.692
19.52,14.3008
19.54,13.2059
19.56,11.0933
19.58,9.2018
19.6,8.1639
19.62,7.6962
19.64,6.9798
19.66,4.9218
19.68,4.2032
19.7,1.8064
19.72,4.9106
19.74,5.649
19.76,8.7228
19.78,10.3623
19.8,13.4684
19.82,16.8435
19.84,17.3439
19.86,16.2531
19.88,13.4287
19.9,11.6726
19.92,11.2574
19.94,8.3963
19.96,10.0433
19.98,7.6816
20,5.3104
20.02,4.5835
20.04,4.6469
20.06,2.5898
20.08,4.1379
20.1,7.2158
20.12,10.8109
20.14,12.9359
20.16,15.9204
20.18,16.5762
20.2,15.8398
20.22,15.6283
20.24,14.0349
20.26,12.967
20.28,10.7605
20.3,8.5127
20.32,8.3542
20.34,6.514
20.36,5.6097
20.38,3.5171
20.4,2.5505
20.42,2.4712
20.44,6.7485
20.46,9.5781
20.48,11.5135
20.5,14.4546
20.52,15.862
20.54,15.9911
20.56,14.6759
20.58,14.6
20.6,11.9023
20.62,11.7229
20.64,10.4847
20.66,9.8507
20.68,8.5333
20.7,5.6305
20.72,5.4881
20.74,3.9894
20.76,4.1057
20.78,6.2543
20.8,5.2322
20.82,7.4809
20.84,11.5666
20.86,12.99
20.88,15.8594
20.9,14.9451
20.92,14.8572
20.94,14.5547
20.96,12.2271
20.98,10.7835
21,9.3017
21.02,9.4137
21.04,7.2922
21.06,5.9192
21.08,4.0025
21.1,3.7242
21.12,2.3747
21.14,4.4619
21.16,7.8333
21.18,11.3593
21.2,13.6705
21.22,16.6629
21.24,15.2246
21.26,15.6318
21.28,15.513
21.3,13.1129
21.32,11.1142
21.34,10.4711
21.36,7.5782
21.38,7.4311
21.4,7.5677
21.42,4.5221
21.44,4.5253
21.46,3.3499
21.48,3.1272
21.5,5.9671
21.52,9.2382
21.54,12.119
21.56,15.5096
21.58,15.0203
21.6,16.3153
21.62,16.2878
21.64,13.7419
21.66,12.7049
21.68,11.5517
21.7,10.9924
21.72,11.0797
21.74,8.1579
21.76,7.1228
21.78,3.8967
21.8,3.6377
21.82,1.8346
21.84,4.8655
21.86,6.7511
21.88,8.8151
21.9,12.4299
21.92,14.2092
21.94,16.6265
21.96,16.1415
21.98,14.8063
22,13.5139
22.02,12.5371
22.04,10.8551
22.06,9.1858
22.08,9.5023
22.1,8.1422
22.12,5.5009
22.14,4.2386
22.16,4.1971
22.18,3.6099
22.2,4.5896
22.22,7.8599
22.24,10.3946
22.26,12.7062
22.28,14.1483
22.3,16.1971
22.32,15.4263
22.34,14.5244
22.36,13.9145
22.38,11.456
22.4,9.9119
22.42,9.3457
22.44,6.0905
22.46,5.6263
22.48,6.1405
22.5,5.0545
22.52,2.8319
22.54,2.4778
22.56,5.64
22.58,7.326
22.6,10.3426
22.62,13.6821
22.64,14.796
22.66,16.82
22.68,14.263
22.7,16.1522
22.72,12.1792
22.74,12.564
22.76,9.4895
22.78,9.8714
22.8,6.8345
22.82,7.6676
22.84,4.4488
22.86,2.6624
22.88,3.0392
22.9,5.4921
22.92,6.0479
22.94,9.4836
22.96,12.5353
22.98,14.0868
23,15.5038
23.02,14.7013
23.04,14.1433
23.06,12.9836
23.08,11.2966
23.1,11.3453
23.12,9.4138
23.14,8.6955
23.16,6.4822
23.18,7.534
23.2,4.773
23.22,3.8602
23.24,3.7063
23.26,5.187
23.28,7.9826
23.3,11.5759
23.32,13.4879
23.34,14.6181
23.36,16.7648
23.38,14.6166
23.4,14.32
23.42,13.1623
23.44,10.6238
23.46,10.0008
23.48,9.7715
23.5,8.3757
23.52,6.7859
23.54,5.8249
23.56,4.331
23.58,3.5538
23.6,3.0361
23.62,6.845
23.64,8.3193
23.66,10.3377
23.68,14.6288
23.7,15.0072
23.72,16.6516
23.74,15.8229
23.76,13.7746
23.78,13.0568
23.8,10.1007
23.82,9.364
23.84,8.4483
23.86,7.7906
23.88,5.8204
23.9,4.3618
23.92,5.1116
23.94,0.8421
23.96,3.4235
23.98,6.766
24,10.0282
24.02,12.8058
24.04,15.3094
24.06,15.9765
24.08,14.8792
24.1,14.5907
24.12,12.8628
24.14,12.653
24.16,10.2047
24.18,9.9185
24.2,9.1634
24.22,6.7002
24.24,5.5885
24.26,3.1459
24.28,2.3528
24.3,4.4376
24.32,4.7287
24.34,6.9525
24.36,11.4671
24.38,14.3068
24.4,14.9117
24.42,16.3077
24.44,14.8967
24.46,15.1608
24.48,12.1169
24.5,12.2112
24.52,10.9307
24.54,9.9585
24.56,7.4162
24.58,5.7855
24.6,5.3608
24.62,4.2232
24.64,3.6664
24.66,5.7484
24.68,5.7164
24.7,9.6142
24.72,13.2877
24.74,15.671
24.76,16.0853
24.78,16.2678
24.8,15.4697
24.82,12.777
24.84,12.1156
24.86,9.925
24.88,9.6258
24.9,9.4981
24.92,7.6919
24.94,5.8499
24.96,5.3766
24.98,2.9728
25,3.4139
25.02,4.8744
25.04,6.6473
25.06,10.3728
25.08,13.9445
25.1,15.0383
25.12,15.8499
25.14,16.5516
25.16,14.5984
25.18,12.121
25.2,12.4097
25.22,10.9795
25.24,10.1856
25.26,9.382
25.28,7.0187
25.3,5.4822
25.32,2.7137
25.34,3.3462
25.36,2.9636
25.38,5.4132
25.4,8.4012
25.42,11.0486
25.44,14.2546
25.46,14.78
25.48,15.2747
25.5,15.9743
25.52,14.6384
25.54,13.094
25.56,10.656
25.58,11.1376
25.6,10.2382
25.62,9.7193
25.64,6.359
25.66,4.3646
25.68,3.9049
25.7,3.6212
25.72,3.5652
25.74,5.7543
25.76,9.398
25.78,12.0977
25.8,14.2234
25.82,15.3077
25.84,16.3936
25.86,16.1729
25.88,13.1418
25.9,13.3105
25.92,11.3042
25.94,8.6723
25.96,8.7918
25.98,8.1124
26,6.2893
26.02,5.6379
26.04,4.5764
26.06,3.2963
26.08,3.8121
26.1,6.7869
26.12,9.4641
26.14,13.9867
26.16,15.2401
26.18,15.9519
26.2,15.9239
26.22,14.434
26.24,12.0563
26.26,11.1307
26.28,10.748
26.3,9.1519
26.32,7.64
26.34,6.2565
26.36,5.131
26.38,4.4222
26.4,2.543
26.42,2.0639
26.44,6.4448
26.46,7.943
26.48,11.8986
26.5,13.3925
26.52,15.3576
26.54,14.7201
26.56,16.1218
26.58,15.6286
26.6,12.8909
26.62,10.0007
26.64,9.9401
26.66,9.0315
26.68,8.4144
26.7,5.8585
26.72,5.4877
26.74,4.9297
26.76,3.4011
26.78,3.9577
26.8,5.7718
26.82,8.0351
26.84,11.8004
26.86,14.8086
26.88,15.2867
26.9,15.506
26.92,16.4533
26.94,13.9545
26.96,12.4244
26.98,11.025
27,10.6632
27.02,9.9221
27.04,8.0064
27.06,6.3394
27.08,5.2865
27.1,3.3038
27.12,3.3936
27.14,3.6828
27.16,5.0903
27.18,10.5643
27.2,12.625
27.22,16.3055
27.24,15.709
27.26,16.3921
27.28,14.7069
27.3,13.1467
27.32,12.8778
27.34,9.9843
27.36,10.0497
27.38,6.6466
27.4,5.9819
27.42,3.7863
27.44,3.8024
27.46,4.5198
27.48,3.9474
27.5,5.5762
27.52,7.4676
27.54,12.2634
27.56,14.0377
27.58,14.996
27.6,16.1186
27.62,15.3387
27.64,14.2503
27.66,12.6628
27.68,10.1212
27.7,10.2802
27.72,9.3319
27.74,8.1385
27.76,6.3673
27.78,4.9077
27.8,3.4671
27.82,4.9865
27.84,4.7877
27.86,6.7243
27.88,8.583
27.9,12.9193
27.92,15.4686
27.94,15.7765
27.96,15.8345
27.98,15.7398
28,14.4038
28.02,12.8202
28.04,12.8065
28.06,9.4959
28.08,9.399
28.1,7.6553
28.12,5.9053
28.14,5.2972
28.16,1.5282
28.18,3.0998
28.2,4.3358
28.22,7.4792
28.24,10.9387
28.26,15.1816
28.28,14.1972
28.3,16.6531
28.32,15.2577
28.34,14.309
28.36,13.3785
28.38,10.8628
28.4,9.5383
28.42,10.1543
28.44,8.229
28.46,6.0595
28.48,5.7203
28.5,3.1372
28.52,4.3926
28.54,4.3765
28.56,5.7239
28.58,8.4862
28.6,12.7015
28.62,14.0543
28.64,15.1438
28.66,16.9293
28.68,15.0637
28.7,12.6281
28.72,11.9016
28.74,11.4083
28.76,9.3322
28.78,8.8964
28.8,9.4461
28.82,5.8245
28.84,4.3151
28.86,4.8455
28.88,3.1153
28.9,3.1021
28.92,6.5905
28.94,8.7726
28.96,14.688
28.98,15.9345
29,16.8342
29.02,16.0629
29.04,14.2336
29.06,14.7632
29.08,12.1926
29.1,10.3617
29.12,10.1335
29.14,9.0571
29.16,7.2728
29.18,6.0886
29.2,3.6393
29.22,3.3473
29.24,2.1792
29.26,5.5676
29.28,8.6921
29.3,11.7624
29.32,14.5482
29.34,14.8769
29.36,14.9155
29.38,15.1931
29.4,13.5655
29.42,12.2294
29.44,12.1721
29.46,8.7671
29.48,8.7963
29.5,9.4425
29.52,6.3609
29.54,4.6813
29.56,5.2181
29.58,2.9161
29.6,1.543
29.62,5.5937
29.64,8.3488
29.66,11.6957
29.68,14.7756
29.7,15.9061
29.72,16.8333
29.74,13.126
29.76,14.0655
29.78,13.0342
29.8,12.6672
29.82,10.2688
29.84,9.176
29.86,7.2514
29.88,6.0846
29.9,3.7798
29.92,2.2729
29.94,2.4453
29.96,2.625
29.98,7.7353
30,9.9478
30.02,12.4051
30.04,15.5406
30.06,15.9568
30.08,16.4863
30.1,14.6154
30.12,13.2011
30.14,12.1566
30.16,10.6837
30.18,10.5506
30.2,8.7276
30.22,7.4685
30.24,5.079
30.26,2.4286
30.28,4.0929
30.3,3.0403
30.32,5.9841
30.34,7.5121
30.36,11.1069
30.38,13.8254
30.4,17.3039
30.42,15.8274
30.44,16.2561
30.46,13.934
30.48,11.4794
30.5,11.9281
30.52,10.7764
30.54,10.4467
30.56,8.1183
30.58,5.3218
30.6,5.6283
30.62,3.9077
30.64,2.7871
30.66,3.6068
30.68,5.3116
30.7,9.1273
30.72,11.8663
30.74,14.4792
30.76,17.3405
30.78,16.8579
30.8,16.2955
30.82,13.787
30.84,11.6138
30.86,10.5085
30.88,10.0513
30.9,9.6385
30.92,6.6854
30.94,6.4326
30.96,4.3773
30.98,4.9373
31,3.2968
31.02,6.0407
31.04,7.0204
31.06,10.3603
31.08,14.3848
31.1,15.5146
31.12,17.1294
31.14,15.4309
31.16,13.7318
31.18,12.9147
31.2,12.0396
31.22,10.8265
31.24,7.8197
31.26,8.4771
31.28,7.4664
31.3,4.5584
31.32,4.7918
31.34,3.2361
31.36,2.5493
31.38,5.6606
31.4,8.5108
31.42,9.4906
31.44,13.0812
31.46,15.0947
31.48,16.8789
31.5,16.854
31.52,13.9501
31.54,12.7025
31.56,12.8088
31.58,9.9304
31.6,8.3742
31.62,8.6503
31.64,6.5975
31.66,4.1447
31.68,3.0045
31.7,2.9839
31.72,4.5194
31.74,6.8511
31.76,9.1378
31.78,11.9596
31.8,14.4886
31.82,16.4959
31.84,16.0585
31.86,15.7483
31.88,14.0065
31.9,12.9563
31.92,11.2542
31.94,10.3863
31.96,9.2391
31.98,7.7251
32,6.4331
32.02,3.3471
32.04,3.2555
32.06,3.3453
32.08,5.3338
32.1,7.6937
32.12,9.8479
32.14,13.3856
32.16,14.8768
32.18,16.6102
32.2,16.6305
32.22,14.9957
32.24,12.9434
32.26,11.6592
32.28,9.0953
32.3,9.1116
32.32,8.0456
32.34,6.3882
32.36,4.6807
32.38,3.5365
32.4,4.4064
32.42,3.1752
32.44,6.0784
32.46,8.8622
32.48,12.071
32.5,13.5024
32.52,15.0466
32.54,16.1364
32.56,15.6723
32.58,15.6235
32.6,11.0469
32.62,10.4149
32.64,9.5393
32.66,9.467
32.68,7.0606
32.7,6.8767
32.72,4.4831
32.74,3.8744
32.76,2.9742
32.78,4.2781
32.8,6.5048
32.82,9.0908
32.84,11.4759
32.86,14.2891
32.88,16.308
32.9,15.9407
32.92,15.055
32.94,13.502
32.96,12.245
32.98,11.5198
33,11.0356
33.02,9.2585
33.04,7.3023
33.06,6.2898
33.08,4.9548
33.1,3.3899
33.12,3.8675
33.14,3.1492
33.16,6.5632
33.18,9.6908
33.2,12.464
33.22,14.9641
33.24,15.7791
33.26,15.5882
33.28,14.1438
33.3,12.9491
33.32,12.6122
33.34,8.5286
33.36,9.509
33.38,7.5312
33.4,7.3877
33.42,5.8587
33.44,4.8033
33.46,2.9701
33.48,4.5838
33.5,6.5431
33.52,8.8106
33.54,11.5163
33.56,14.311
33.58,17.6968
33.6,15.2157
33.62,16.5843
33.64,14.2972
33.66,11.9575
33.68,10.6325
33.7,10.1363
33.72,9.089
33.74,6.9381
33.76,6.1238
33.78,5.518
33.8,3.9984
33.82,3.996
33.84,3.7023
33.86,6.6814
33.88,7.9132
33.9,11.9989
33.92,15.2039
33.94,15.6833
33.96,15.2881
33.98,13.5411
34,14.4668
34.02,12.9596
34.04,11.5982
34.06,7.9051
34.08,9.5308
34.1,7.6063
34.12,6.7625
34.14,2.5476
34.16,3.4418
34.18,3.3249
34.2,5.1425
34.22,7.1348
34.24,11.2865
34.26,13.7527
34.28,15.9262
34.3,16.4282
34.32,15.6106
34.34,14.0475
34.36,13.5118
34.38,11.3167
34.4,9.6863
34.42,9.3445
34.44,8.6988
34.46,7.9809
34.48,3.5783
34.5,3.3994
34.52,3.0542
34.54,3.6911
34.56,5.3539
34.58,6.9327
34.6,12.6948
34.62,13.7815
34.64,14.6432
34.66,17.9576
34.68,15.6245
34.7,13.9841
34.72,12.6545
34.74,10.7965
34.76,9.7399
34.78,9.3023
34.8,8.2622
34.82,6.5944
34.84,5.6454
34.86,5.2006
34.88,2.4961
34.9,4.9627
34.92,8.0547
34.94,10.3301
34.96,13.4358
34.98,14.4888
35,16.2696
35.02,16.2918
35.04,15.2137
35.06,15.2785
35.08,11.2889
35.1,10.856
35.12,10.2313
35.14,9.7002
35.16,6.8701
35.18,5.8455
35.2,3.5826
35.22,4.2463
35.24,4.0843
35.26,4.9862
35.28,9.2896
35.3,10.2128
35.32,14.1885
35.34,16.4206
35.36,16.2646
35.38,15.3525
35.4,13.9028
35.42,12.2496
35.44,11.1851
35.46,11.6506
35.48,10.7301
35.5,8.7602
35.52,6.1152
35.54,6.2432
35.56,4.3103
35.58,1.4489
35.6,3.9013
35.62,5.5399
35.64,8.0854
35.66,12.4078
35.68,14.0361
35.7,17.7809
35.72,17.7402
35.74,14.3736
35.76,13.1354
35.78,11.1001
35.8,11.4034
35.82,9.3843
35.84,9.0422
35.86,8.2082
35.88,5.718
35.9,5.3334
35.92,4.3753
35.94,3.4011
35.96,4.4766
35.98,6.3657
36,10.161
36.02,14.0426
36.04,15.944
36.06,17.0247
36.08,14.4826
36.1,15.4374
36.12,15.0319
36.14,10.6596
36.16,11.2022
36.18,9.1065
36.2,8.8976
36.22,8.2446
36.24,5.9073
36.26,4.2259
36.28,3.6422
36.3,4.7514
36.32,3.3937
36.34,7.9617
36.36,11.3802
36.38,14.1063
36.4,14.1042
36.42,15.7382
36.44,16.1969
36.46,14.4221
36.48,11.9598
36.5,11.7036
36.52,10.8657
36.54,11.2525
36.56,9.1685
36.58,7.0234
36.6,5.0062
36.62,4.0091
36.64,3.1473
36.66,5.0216
36.68,5.5166
36.7,9.4445
36.72,10.5616
36.74,16.5542
36.76,15.4464
36.78,16.5176
36.8,14.7506
36.82,14.5404
36.84,11.7072
36.86,10.9034
36.88,10.0372
36.9,8.966
36.92,7.4274
36.94,6.4254
36.96,4.3668
36.98,3.3691
37,2.4229
37.02,5.411
37.04,7.0845
37.06,9.9155
37.08,13.5114
37.1,14.1034
37.12,16.5644
37.14,17.1887
37.16,15.3751
37.18,13.5054
37.2,11.7457
37.22,11.2876
37.24,10.5837
37.26,8.1663
37.28,7.8102
37.3,7.327
37.32,4.4702
37.34,2.4305
37.36,3.875
37.38,4.6923
37.4,8.4743
37.42,12.9477
37.44,15.13
37.46,15.5175
37.48,15.8065
37.5,16.3171
37.52,14.1278
37.54,12.755
37.56,10.8575
37.58,9.9366
37.6,9.1974
37.62,7.3833
37.64,4.7903
37.66,5.9464
37.68,3.0341
37.7,2.7724
37.72,2.9427
37.74,6.5334
37.76,8.5156
37.78,13.1645
37.8,14.7174
37.82,16.8154
37.84,17.115
37.86,16.2798
37.88,12.6502
37.9,12.527
37.92,10.3661
37.94,9.3637
37.96,10.078
37.98,6.5944
38,5.4743
38.02,5.4799
38.04,2.1866
38.06,4.8487
38.08,3.2689
38.1,7.5558
38.12,11.4257
38.14,12.2942
38.16,15.1171
38.18,16.2568
38.2,17.0673
38.22,13.9437
38.24,13.1856
38.26,11.5398
38.28,10.9456
38.3,8.5538
38.32,8.1242
38.34,7.3549
38.36,4.3133
38.38,4.9123
38.4,4.4729
38.42,4.5722
38.44,5.6257
38.46,8.0293
38.48,11.1204
38.5,14.4776
38.52,16.3633
38.54,17.2721
38.56,16.7894
38.58,13.4572
38.6,13.5761
38.62,10.8827
38.64,9.4306
38.66,8.3599
38.68,5.9398
38.7,6.0902
38.72,5.5147
38.74,3.5879
38.76,3.481
38.78,4.058
38.8,5.6001
38.82,7.8174
38.84,11.8032
38.86,15.3253
38.88,15.7215
38.9,17.1005
38.92,14.8829
38.94,15.2038
38.96,12.0077
38.98,10.3181
39,9.0509
39.02,8.8244
39.04,5.9781
39.06,4.4504
39.08,5.1268
39.1,3.4562
39.12,3.3101
39.14,5.6973
39.16,7.3749
39.18,9.6352
39.2,12.832
39.22,14.7003
39.24,14.9785
39.26,17.0799
39.28,16.0215
39.3,13.6288
39.32,10.9241
39.34,9.6781
39.36,8.9092
39.38,8.3474
39.4,6.8908
39.42,5.1848
39.44,3.7241
39.46,3.3592
39.48,4.3283
39.5,6.5126
39.52,8.8273
39.54,10.3823
39.56,14.4528
39.58,15.6149
39.6,15.3289
39.62,17.2952
39.64,15.1844
39.66,13.5319
39.68,11.4869
39.7,9.3613
39.72,10.3703
39.74,8.1098
39.76,5.7095
39.78,4.6643
39.8,3.4742
39.82,4.3628
39.84,4.5051
39.86,5.1824
39.88,7.9759
39.9,12.519
39.92,15.1924
39.94,17.2758
39.96,14.185
39.98,14.7424
40,13.7936
40.02,13.0756
40.04,10.459
40.06,10.5132
40.08,8.5521
40.1,6.7615
40.12,7.1595
40.14,4.5909
40.16,3.2487
40.18,3.044
40.2,4.5739
40.22,7.2319
40.24,11.148
40.26,13.3205
40.28,16.7376
40.3,16.8303
40.32,16.1375
40.34,13.5839
40.36,12.7222
40.38,11.6492
40.4,10.4212
40.42,8.6731
40.44,7.644
40.46,8.0774
40.48,3.955
40.5,5.0737
40.52,3.2131
40.54,2.7133
40.56,5.9917
40.58,7.4615
40.6,12.322
40.62,15.0722
40.64,16.2415
40.66,16.1143
40.68,15.4077
40.7,14.1233
40.72,13.3625
40.74,9.9891
40.76,11.5938
40.78,8.5645
40.8,6.9987
40.82,6.1275
40.84,5.5222
40.86,2.6216
40.88,4.2406
40.9,4.3531
40.92,5.6137
40.94,8.8832
40.96,12.3232
40.98,14.388
41,16.3503
41.02,15.6294
41.04,15.8334
41.06,13.7238
41.08,11.1298
41.1,10.2082
41.12,10.1663
41.14,7.9949
41.16,8.2152
41.18,5.4021
41.2,3.5809
41.22,4.0144
41.24,3.7931
41.26,5.4803
41.28,7.4774
41.3,12.3667
41.32,14.6014
41.34,14.7247
41.36,16.2523
41.38,15.6789
41.4,13.7211
41.42,12.8895
41.44,10.9211
41.46,9.3549
41.48,8.7191
41.5,7.5161
41.52,6.9965
41.54,4.7598
41.56,3.2296
41.58,3.9279
41.6,4.2024
41.62,5.1448
41.64,7.3951
41.66,11.8833
41.68,13.9991
41.7,15.8601
41.72,17.7709
41.74,15.5936
41.76,14.4264
41.78,13.5968
41.8,11.9502
41.82,10.0226
41.84,8.4128
41.86,9.2877
41.88,6.8576
41.9,4.227
41.92,4.6986
41.94,3.4052
41.96,5.3504
41.98,6.0086
42,10.359
42.02,12.7338
42.04,15.0686
42.06,16.9145
42.08,14.4586
42.1,15.4521
42.12,13.2272
42.14,12.7036
42.16,10.3711
42.18,9.956
42.2,7.4234
42.22,6.2054
42.24,4.7152
42.26,3.3957
42.28,3.3552
42.3,3.9478
42.32,5.6107
42.34,8.1015
42.36,10.7164
42.38,13.6933
42.4,15.5365
42.42,14.4723
42.44,15.3595
42.46,15.0389
42.48,13.2596
42.5,11.6592
42.52,9.7097
42.54,9.8547
42.56,8.2518
42.58,5.5895
42.6,4.542
42.62,5.0912
42.64,3.4981
42.66,3.738
42.68,6.2287
42.7,8.9824
42.72,11.5467
42.74,14.8633
42.76,15.9837
42.78,15.1833
42.8,15.2152
42.82,14.8179
42.84,12.2818
42.86,10.5497
42.88,8.9343
42.9,7.3528
42.92,8.7253
42.94,5.599
42.96,3.3635
42.98,2.952
43,4.608
43.02,4.0927
43.04,6.9873
43.06,8.2747
43.08,13.5088
43.1,15.4902
43.12,17.5184
43.14,16.0085
43.16,15.0655
43.18,13.4286
43.2,11.9584
43.22,11.1352
43.24,8.4489
43.26,7.3561
43.28,6.8594
43.3,5.8413
43.32,4.2481
43.34,4.7206
43.36,2.5384
43.38,5.4194
43.4,7.699
43.42,10.5404
43.44,12.2816
43.46,15.829
43.48,16.5366
43.5,15.086
43.52,14.7173
43.54,12.155
43.56,12.519
43.58,9.0239
43.6,9.9637
43.62,7.7726
43.64,5.5197
43.66,5.1034
43.68,3.5344
43.7,3.7976
43.72,4.2897
43.74,7.1593
43.76,9.5823
43.78,13.1432
43.8,14.9157
43.82,15.4329
43.84,17.2452
43.86,14.9354
43.88,15.1422
43.9,13.2265
43.92,11.6463
43.94,8.9892
43.96,9.5247
43.98,8.2836
44,5.7472
44.02,4.2162
44.04,3.841
44.06,2.2203
44.08,3.8661
44.1,6.0673
44.12,8.9357
44.14,12.3994
44.16,14.6769
44.18,17.1958
44.2,16.2587
44.22,13.9986
44.24,13.6601
44.26,10.6008
44.28,10.7066
44.3,10.6439
44.32,7.6437
44.34,6.8042
44.36,5.7277
44.38,4.5874
44.4,3.8546
44.42,2.7788
44.44,5.1703
44.46,8.116
44.48,11.2898
44.5,13.7787
44.52,15.8129
44.54,14.424
44.56,15.8353
44.58,12.2239
44.6,12.2594
44.62,11.8299
44.64,10.1073
44.66,10.5811
44.68,7.7134
44.7,5.8586
44.72,6.0907
44.74,5.835
44.76,3.8243
44.78,4.4702
44.8,6.1022
44.82,9.0322
44.84,12.8963
44.86,15.5171
44.88,16.1364
44.9,15.281
44.92,15.5038
44.94,13.9848
44.96,13.6732
44.98,11.2168
45,9.4785
45.02,10.8457
45.04,7.0372
45.06,4.9935
45.08,5.353
45.1,2.4334
45.12,4.0291
45.14,4.0929
45.16,6.3228
45.18,11.271
45.2,12.2435
45.22,15.4657
45.24,16.5133
45.26,15.3328
45.28,15.7256
45.3,12.9214
45.32,12.2661
45.34,11.216
45.36,10.0024
45.38,6.8711
45.4,6.7023
45.42,5.3991
45.44,3.2932
45.46,3.9647
45.48,3.5583
45.5,5.3427
45.52,8.3627
45.54,11.4445
45.56,14.4723
45.58,15.4988
45.6,17.233
45.62,15.353
45.64,14.0789
45.66,12.4783
45.68,10.7255
45.7,9.7371
45.72,9.8854
45.74,8.1406
45.76,5.9403
45.78,6.0526
45.8,4.2555
45.82,4.7817
45.84,3.3909
45.86,4.7622
45.88,8.7716
45.9,12.2029
45.92,13.0824
45.94,17.271
45.96,15.3897
45.98,16.6071
46,12.9561
46.02,12.1467
46.04,9.7737
46.06,9.1139
46.08,8.4733
46.1,7.5165
46.12,7.2037
46.14,4.8967
46.16,4.2355
46.18,4.0189
46.2,5.3487
46.22,7.4556
46.24,10.8219
46.26,14.3825
46.28,15.8417
46.3,16.2861
46.32,15.4145
46.34,14.7806
46.36,12.2805
46.38,10.2928
46.4,9.8711
46.42,8.5474
46.44,7.06
46.46,6.1057
46.48,4.8062
46.5,4.872
46.52,2.6601
46.54,3.8399
46.56,5.4143
46.58,7.7992
46.6,10.7336
46.62,14.8715
46.64,15.8533
46.66,15.5975
46.68,14.8425
46.7,12.7863
46.72,13.4518
46.74,11.1409
46.76,10.419
46.78,9.3285
46.8,7.8289
46.82,7.5975
46.84,3.9387
46.86,3.387
46.88,3.4533
46.9,4.4842
46.92,5.721
46.94,10.2349
46.96,12.4557
46.98,14.2534
47,15.2822
47.02,17.4561
47.04,14.974
47.06,13.6146
47.08,10.8888
47.1,11.1357
47.12,9.5518
47.14,9.0936
47.16,7.8992
47.18,4.8139
47.2,3.3481
47.22,3.9637
47.24,4.5432
47.26,5.2554
47.28,7.2207
47.3,11.2343
47.32,13.8136
47.34,15.2567
47.36,16.1229
47.38,15.6843
47.4,14.7572
47.42,13.3045
47.44,11.8263
47.46,9.2882
47.48,8.5286
47.5,6.7714
47.52,7.0404
47.54,5.1968
47.56,2.2317
47.58,2.0679
47.6,3.2898
47.62,5.5329
47.64,9.8279
47.66,11.6472
47.68,14.8967
47.7,15.9878
47.72,16.9433
47.74,14.609
47.76,14.1825
47.78,12.6848
47.8,11.8752
47.82,10.2155
47.84,7.705
47.86,7.2753
47.88,6.4489
47.9,4.2013
47.92,4.0759
47.94,2.6625
47.96,3.0128
47.98,7.4146
48,8.4521
48.02,12.7455
48.04,15.3096
48.06,16.238
48.08,16.3467
48.1,15.5424
48.12,13.5057
48.14,12.7505
48.16,9.2969
48.18,10.2923
48.2,7.4803
48.22,7.1782
48.24,4.5543
48.26,3.8689
48.28,3.0719
48.3,4.081
48.32,3.8663
48.34,7.4403
48.36,10.9871
48.38,13.3968
48.4,15.9808
48.42,17.5306
48.44,17.1619
48.46,15.6537
48.48,13.2058
48.5,12.6142
48.52,10.6525
48.54,10.6985
48.56,9.4669
48.58,7.7535
48.6,4.4309
48.62,1.8206
48.64,3.6339
48.66,5.9882
48.68,6.2038
48.7,10.1681
48.72,12.391
48.74,14.1908
48.76,15.5644
48.78,16.6184
48.8,14.6537
48.82,14.1576
48.84,12.9272
48.86,10.749
48.88,8.8825
48.9,10.062
48.92,7.0924
48.94,6.7869
48.96,4.9864
48.98,4.2784
49,3.4556
49.02,4.4265
49.04,6.1268
49.06,8.7147
49.08,13.8881
49.1,14.6578
49.12,16.9356
49.14,15.8651
49.16,14.8553
49.18,13.9561
49.2,12.0326
49.22,11.6625
49.24,10.1719
49.26,9.0596
49.28,8.2751
49.3,3.7706
49.32,3.6744
49.34,3.1557
49.36,3.2051
49.38,5.011
49.4,6.6883
49.42,10.4167
49.44,14.2968
49.46,15.2636
49.48,16.302
49.5,13.8977
49.52,13.7287
49.54,13.481
49.56,11.3373
49.58,10.5603
49.6,8.903
49.62,10.4831
49.64,7.0646
49.66,5.2062
49.68,3.4686
49.7,1.1994
49.72,3.8203
49.74,5.7217
49.76,8.8234
49.78,12.4999
49.8,14.4666
49.82,15.5012
49.84,17.2015
49.86,14.6485
49.88,13.6434
49.9,11.9804
49.92,9.9339
49.94,8.5393
49.96,10.3593
49.98,7.1938
50,5.5551
50.02,3.5266
50.04,4.5112
50.06,3.7227
50.08,4.4085
50.1,7.6833
50.12,10.3396
50.14,12.6657
50.16,16.3286
50.18,14.8882
50.2,15.5139
50.22,14.3809
50.24,13.4837
50.26,11.5449
50.28,10.8701
50.3,10.8404
50.32,8.9386
50.34,6.315
50.36,4.8315
50.38,5.0282
50.4,3.2087
50.42,4.1572
50.44,5.9106
50.46,8.9746
50.48,12.4414
50.5,13.6742
50.52,16.3574
50.54,15.8519
50.56,15.8869
50.58,14.325
50.6,12.3664
50.62,10.9582
50.64,11.3769
50.66,8.0356
50.68,8.4775
50.7,7.8249
50.72,5.3251
50.74,3.6111
50.76,3.2389
50.78,4.1583
50.8,5.8079
50.82,10.52
50.84,11.485
50.86,12.9206
50.88,17.0673
50.9,15.8692
50.92,14.5914
50.94,15.0316
50.96,11.9801
50.98,11.0926
51,9.6036
51.02,9.0413
51.04,7.521
51.06,5.2608
51.08,5.0136
51.1,5.4102
51.12,3.4257
51.14,3.3619
51.16,7.9986
51.18,9.1808
51.2,12.4324
51.22,15.509
51.24,17.5471
51.26,14.5849
51.28,15.9141
51.3,12.4864
51.32,11.6799
51.34,11.0291
51.36,9.8262
51.38,9.0592
51.4,8.4656
51.42,5.5835
51.44,4.8189
51.46,3.7886
51.48,3.1121
51.5,5.1383
51.52,8.2116
51.54,11.1578
51.56,13.7999
51.58,15.6321
51.6,16.1276
51.62,14.7242
51.64,13.9765
51.66,11.5514
51.68,11.0868
51.7,8.4121
51.72,8.2631
51.74,7.5688
51.76,6.1023
51.78,5.1236
51.8,4.1741
51.82,4.1028
51.84,5.2328
51.86,7.3211
51.88,10.0945
51.9,13.8085
51.92,14.4921
51.94,17.666
51.96,16.263
51.98,15.147
52,15.0542
52.02,10.8889
52.04,11.2362
52.06,8.3016
52.08,10.0252
52.1,7.5362
52.12,5.9588
52.14,3.0518
52.16,2.9573
52.18,3.8649
52.2,4.6078
52.22,6.6852
52.24,11.4534
52.26,12.092
52.28,15.4076
52.3,15.4821
52.32,16.0089
52.34,14.2509
52.36,11.8765
52.38,11.3385
52.4,10.5495
52.42,9.2221
52.44,8.3086
52.46,5.8463
52.48,6.6811
52.5,2.925
52.52,2.9362
52.54,4.644
52.56,5.6387
52.58,8.4019
52.6,9.2434
52.62,15.4728
52.64,16.1304
52.66,15.5211
52.68,15.6701
52.7,14.9167
52.72,12.2224
52.74,10.9539
52.76,10.4873
52.78,9.5526
52.8,9.2319
52.82,7.5142
52.84,5.4683
52.86,3.8094
52.88,3.7477
52.9,3.7404
52.92,6.1682
52.94,9.7531
52.96,13.5089
52.98,14.9119
53,16.155
53.02,16.1684
53.04,15.8934
53.06,11.3792
53.08,10.766
53.1,10.6617
53.12,8.4659
53.14,8.7477
53.16,5.8564
53.18,4.3377
53.2,5.5648
53.22,3.5719
53.24,2.8266
53.26,4.2669
53.28,6.6284
53.3,10.5806
53.32,13.9318
53.34,14.8651
53.36,15.495
53.38,15.6701
53.4,13.7726
53.42,12.006
53.44,11.8374
53.46,10.1242
53.48,10.0348
53.5,8.955
53.52,8.4859
53.54,4.5379
53.56,4.321
53.58,3.8274
53.6,4.5633
53.62,6.1274
53.64,9.3546
53.66,10.8595
53.68,14.4741
53.7,16.3775
53.72,15.9957
53.74,16.0205
53.76,14.2912
53.78,12.5009
53.8,10.4072
53.82,11.2177
53.84,7.8181
53.86,8.2202
53.88,7.0599
53.9,5.1102
53.92,2.9981
53.94,2.9312
53.96,4.6128
53.98,8.2094
54,9.8718
54.02,13.203
54.04,16.4137
54.06,16.3291
54.08,15.9769
54.1,14.3374
54.12,14.294
54.14,12.9724
54.16,12.2473
54.18,9.7417
54.2,7.7918
54.22,7.4474
54.24,5.0322
54.26,5.5818
54.28,2.6281
54.3,4.4311
54.32,5.4218
54.34,9.1907
54.36,10.8834
54.38,13.8981
54.4,14.8086
54.42,15.7313
54.44,14.3767
54.46,14.9015
54.48,13.179
54.5,11.3997
54.52,8.6112
54.54,9.6333
54.56,7.7452
54.58,7.1035
54.6,4.7045
54.62,3.347
54.64,3.7524
54.66,3.0714
54.68,5.9934
54.7,8.6097
54.72,11.8976
54.74,15.0914
54.76,16.2644
54.78,16.5204
54.8,16.1877
54.82,15.2892
54.84,12.0632
54.86,11.1794
54.88,9.3503
54.9,8.451
54.92,6.775
54.94,5.2474
54.96,3.7883
54.98,3.3754
55,3.2467
55.02,3.2778
55.04,8.2405
55.06,10.0162
55.08,13.4361
55.1,15.1718
55.12,16.3915
55.14,14.4262
55.16,14.6754
55.18,12.3016
55.2,12.9689
55.22,10.2783
55.24,10.5601
55.26,8.7115
55.28,7.3762
55.3,5.8689
55.32,4.5455
55.34,3.8363
55.36,4.5833
55.38,4.1721
55.4,7.0525
55.42,9.8766
55.44,13.4733
55.46,15.8124
55.48,15.5446
55.5,17.0789
55.52,15.9003
55.54,14.1245
55.56,11.1599
55.58,11.1357
55.6,8.7954
55.62,8.9435
55.64,5.768
55.66,5.3583
55.68,3.9165
55.7,2.8149
55.72,3.4213
55.74,6.2273
55.76,9.1455
55.78,12.1698
55.8,14.9119
55.82,15.9433
55.84,15.8069
55.86,16.0039
55.88,13.1598
55.9,12.0939
55.92,10.9453
55.94,9.4896
55.96,9.3906
55.98,7.1452
56,6.9433
56.02,5.1214
56.04,2.1798
56.06,4.3
56.08,4.995
56.1,7.515
56.12,11.3441
56.14,13.7534
56.16,15.9386
56.18,16.0558
56.2,14.6076
56.22,15.0897
56.24,13.132
56.26,12.3373
56.28,10.4922
56.3,9.0593
56.32,8.8704
56.34,6.5986
56.36,5.2448
56.38,3.4825
56.4,4.2044
56.42,4.1403
56.44,5.0383
56.46,8.0854
56.48,11.9478
56.5,14.4436
56.52,15.6909
56.54,17.5594
56.56,14.5119
56.58,14.1767
56.6,11.4894
56.62,10.3759
56.64,10.0837
56.66,9.2558
56.68,7.5743
56.7,6.4723
56.72,4.0049
56.74,4.2353
56.76,3.6185
56.78,3.6927
56.8,5.5483
56.82,8.0674
56.84,12.4922
56.86,14.0473
56.88,15.8112
56.9,16.9957
56.92,16.4125
56.94,13.2318
56.96,11.5097
56.98,10.8745
57,9.2836
57.02,7.2931
57.04,8.0795
57.06,6.0219
57.08,4.5204
57.1,3.0254
57.12,1.3715
57.14,3.4003
57.16,7.6583
57.18,10.5483
57.2,14.9341
57.22,15.2974
57.24,16.4513
57.26,15.6566
57.28,13.9196
57.3,13.7613
57.32,12.0181
57.34,10.7708
57.36,8.3851
57.38,8.3098
57.4,7.4063
57.42,5.9997
57.44,4.4743
57.46,3.4109
57.48,3.1957
57.5,6.1861
57.52,7.7535
57.54,12.0222
57.56,14.5856
57.58,15.9815
57.6,15.931
57.62,16.7679
57.64,14.9724
57.66,12.068
57.68,12.3699
57.7,10.3484
57.72,8.5153
57.74,6.9763
57.76,6.0006
57.78,4.3324
57.8,3.5945
57.82,3.3082
57.84,4.1062
57.86,6.6309
57.88,9.1498
57.9,11.8454
57.92,16.6683
57.94,15.9417
57.96,15.8151
57.98,14.552
58,13.3399
58.02,12.9317
58.04,9.3472
58.06,8.7071
58.08,10.4406
58.1,7.7987
58.12,6.7811
58.14,4.6843
58.16,3.2505
58.18,4.0356
58.2,4.2847
58.22,7.4917
58.24,11.0479
58.26,14.613
58.28,16.7286
58.3,17.3146
58.32,16.9207
58.34,14.0537
58.36,12.9288
58.38,11.8312
58.4,9.1315
58.42,8.5927
58.44,7.5588
58.46,6.1367
58.48,5.9169
58.5,3.2603
58.52,3.7805
58.54,3.5846
58.56,4.3854
58.58,8.5377
58.6,11.6178
58.62,14.3539
58.64,15.9315
58.66,16.1062
58.68,15.699
58.7,14.1951
58.72,11.7072
58.74,13.2287
58.76,10.3373
58.78,9.5207
58.8,7.4316
58.82,5.8015
58.84,4.5417
58.86,3.736
58.88,2.9656
58.9,6.2283
58.92,6.4129
58.94,10.0747
58.96,10.4316
58.98,13.8619
59,16.8664
59.02,15.4907
59.04,13.8112
59.06,13.7764
59.08,10.3813
59.1,10.8126
59.12,10.2714
59.14,8.9747
59.16,7.3716
59.18,6.1231
59.2,4.0332
59.22,2.826
59.24,2.544
59.26,2.9503
59.28,6.5408
59.3,8.8102
59.32,14.902
59.34,17.4957
59.36,15.1298
59.38,15.6267
59.4,14.2177
59.42,15.1837
59.44,13.0984
59.46,9.5664
59.48,9.245
59.5,8.5455
59.52,7.2074
59.54,3.8327
59.56,3.3845
59.58,3.1403
59.6,3.3449
59.62,6.1841
59.64,8.3381
59.66,11.1985
59.68,15.734
59.7,16.5774
59.72,15.2022
59.74,15.8369
59.76,12.8016
59.78,12.3504
59.8,12.6372
59.82,10.1155
59.84,8.2025
59.86,7.4113
59.88,7.0686
59.9,3.682
59.92,3.5016
59.94,2.4118
59.96,2.7248
59.98,7.5751
